805abe9b-61dd-46ca-b917-ed13b26fcb8a.webp,1c90fa89-46d1-4729-b231-ff91a10e2891.png,Success/Summary
image.webp,7f29c3c6-92af-43a5-8a96-b69bfe35ff7c.png,Success/Summary
image (1).webp,697b902a-47f1-4358-a353-a3a5b72b3bc5.png,Success/Summary
frisbie_A_close_up_view_of_a_glass_sphere_that_has_a_zen_garden_656c7978-8666-4fef-a420-d1ff17b9209f.webp,bcbb6022-312f-46ed-94bc-39b94ea43b97.png,Success/Summary
tiimm50_a_skeleton_cuddling_with_a_cat_far_away_in_a_tornado_wi_8a1d82d1-a4de-4c84-9c68-be29705d1da9.webp,590e1cb5-452b-4184-928c-92ac2a2f286b.png,Success/Summary
creativegravity_Vertical_Sculpture_shows_the_Sightseeing_Highli_7b49b5a2-ee46-4b4d-a23a-49bf199f9a5a.webp,1edf205b-d5f0-4a2b-8619-8d45392d88fd.png,Success/Summary
source.io_Snowboarding_58dcfc79-8d80-4264-b659-a2828e41dcbb.webp,881443c1-26b0-4f3f-a070-4a61af1abb0b.png,Success/Summary
0_0.webp,111c4774-259c-464a-ad31-07f378cc61d3.png,Success/Summary
Serene_biracial.webp,d7581a90-2d0e-44d9-a834-5654803c5b62.png,Success/Summary
f7671e3e.webp,42250729-ddb1-4b34-84db-d65058ba44c6.png,Success/Summary
0_3 (1).webp,af4084c8-5937-4d2c-86bd-932151d93963.png,Success/Summary
variablefox_mona_lisa_is_angry_8df8c74e-acab-4276-9015-60fc533f3add.webp,26e7620a-b5ce-44b2-9598-851458b37243.png,Success/Summary
ack666_a_man_dressed_up_with_a_skull_half-mask_and_crinkled_bla_5892879b-e4ac-4910-9006-7fae47078e05.webp,b9009f61-5c4b-492c-b4d4-f093aa9980ac.png,Success/Summary
1207067227333984286remix-1707863155692.webp,14bc2917-7650-4ae7-a79e-c8763d1f1827.png,Success/Summary
bluewing__an_orange_figure_with_his_head_burning_away_in_the_st_6ae9bf14-4b14-4150-b410-8f43870df45d.webp,7bad8886-710f-4997-9fa0-d1e904fd4f71.png,Success/Summary
greghartwick__The_beauty_of_The_terrible_faces_Of_our_nonentiti_2a550dea-b7db-453e-98b8-a634229ca9f6.webp,ecac1306-42d7-47e6-a713-744c72ce423a.png,Success/Summary
bluewing__an_blue_female_figure_with_his_head_burning_away_in_t_41e97f7e-2fe5-4284-bb79-b5a93e2eb41b.webp,9308773c-d227-46de-b2da-4533243785b1.png,Success/Summary
image (2).webp,2c9c3b33-31fa-42ea-b109-62ed1cd19b6b.png,Success/Summary
tb.webp,28397452-cc7f-41d5-ae06-2a0b8afae5eb.png,Success/Summary
outrworld_Dark_orb.webp,ff8c257a-7bd7-419d-9cf1-52f1989aeea1.png,Success/Summary
eve_wife_of_maciej_nowicki_art_53.webp,38cb6b23-be7d-4ae9-abaf-63001c1f1019.png,Success/Summary
Ai_art_111.webp,bd434996-6155-473b-b829-46bbacafeba7.png,Success/Summary
spiral.webp,27493d30-564d-48b3-b1d1-c5b305f046c8.png,Success/Summary
TeeJay_a_man_and_woman_are_staring_at_a_tv_screen_with_an_eyeba_2b5622cd-1503-4f0c-8157-6c1af7b2601b.webp,e088c30c-a0b2-49f2-8b07-8eb12ae2fcae.png,Success/Summary
Ai_art_25.webp,dcae83e3-7f4b-45aa-82d4-418660f0f3d8.png,Success/Summary
bluewing__an_pink_figure_with_his_head_burning_away_in_the_styl_91a0ab70-d8fb-4824-b605-1ec7e60007c9.webp,19628512-b8d3-457a-ba4d-65e392b4cf9a.png,Success/Summary
